{
  "project_info": {
    "project_number": "1034994706993",
    "firebase_url": "https://xnqk-4bd90.firebaseio.com",
    "project_id": "xnqk-4bd90",
    "storage_bucket": "xnqk-4bd90.appspot.com"
  },
  "client": [
    {
      "client_info": {
        "mobilesdk_app_id": "1:1034994706993:android:74ef72a1e018ab0b",
        "android_client_info": {
          "package_name": "com.example.samsung.sevenoclockpj"
        }
      },
      "oauth_client": [
        {
          "client_id": "1034994706993-fv1a98nr8gkmadg0u1u85ddl456dik7i.apps.googleusercontent.com",
          "client_type": 1,
          "android_info": {
            "package_name": "com.example.samsung.sevenoclockpj",
            "certificate_hash": "bd975a6a455608cf578a38e86a3bdda10d8dce7f"
          }
        },
        {
          "client_id": "1034994706993-1lj66d7ql7bvj5o7ura3f008o378seva.apps.googleusercontent.com",
          "client_type": 3
        }
      ],
      "api_key": [
        {
          "current_key": "AIzaSyDrviCONVzEgjYrg9Ur0Dk3jpgibdLmjYY"
        }
      ],
      "services": {
        "analytics_service": {
          "status": 1
        },
        "appinvite_service": {
          "status": 2,
          "other_platform_oauth_client": [
            {
              "client_id": "1034994706993-1lj66d7ql7bvj5o7ura3f008o378seva.apps.googleusercontent.com",
              "client_type": 3
            }
          ]
        },
        "ads_service": {
          "status": 2
        }
      }
    },
    {
      "client_info": {
        "mobilesdk_app_id": "1:1034994706993:android:3410195a50eca3ef",
        "android_client_info": {
          "package_name": "kim.hyunjaee.bicycle"
        }
      },
      "oauth_client": [
        {
          "client_id": "1034994706993-27vr1a24fafviltd1aj50gac15c68ks7.apps.googleusercontent.com",
          "client_type": 1,
          "android_info": {
            "package_name": "kim.hyunjaee.bicycle",
            "certificate_hash": "bd975a6a455608cf578a38e86a3bdda10d8dce7f"
          }
        },
        {
          "client_id": "1034994706993-1lj66d7ql7bvj5o7ura3f008o378seva.apps.googleusercontent.com",
          "client_type": 3
        }
      ],
      "api_key": [
        {
          "current_key": "AIzaSyDrviCONVzEgjYrg9Ur0Dk3jpgibdLmjYY"
        }
      ],
      "services": {
        "analytics_service": {
          "status": 1
        },
        "appinvite_service": {
          "status": 2,
          "other_platform_oauth_client": [
            {
              "client_id": "1034994706993-1lj66d7ql7bvj5o7ura3f008o378seva.apps.googleusercontent.com",
              "client_type": 3
            }
          ]
        },
        "ads_service": {
          "status": 2
        }
      }
    }
  ],
  "configuration_version": "1"
}